,0,1,2,3,4,5
0,❤,☺,☀,☎,♥,❣
1,👉,手刀,👉🏻,👇,👈,官網
2,✅,蚊,淋巴,有助,電池,亮澤
3,⭐,傳染性,記者會,💬,巡迴,肺炎
4,😂,😂😂,真的,😂😂😂,水水,哈
5,❤️,❤️🏆,紫微,棉花糖,男士,🌸
6,🤣,🤣🤣,我,厲害,還好,啊
7,✨,現,提案,👉,優惠價,女神
8,🏻,🏼,👏,🤘,👇,好
9,🥰,好,老公,🥰🥰🥰,京燁,妮妮
10,🔥,🔥🔥,熱賣,席位,優惠,限時
11,👍,🙌,👏,✌,🤘,💪
12,▶️,▶️▶️,火編,訂閱,🎧,蓬萊路
13,✔️,長版,🔻,💌,-,🌿
14,😍,靚,清爽,新色,🥰,好聽
15,😎,好,呀,總之,夏天,好看
16,💕,🥰🥰🥰,散播,💙,🥳🥳🥳,貝恩
17,📌,更換,⚠️,氦氣,鋁膜,乳膠
18,🌟,史努比,現貨,即日,功效,註冊
19,❗,⏲️,乳酸,報報,共乘,不鏽鋼
20,📍,巷弄號,號樓,一段,街號,地址
21,😆,還好,😂,好看,😅,哈
22,😋,🍄,好吃,外帶,📲🍄,拉麵
23,😅,說,肚子,真的,笑死,😂
24,⚠️,恕,售出,簡介,更改,事項
25,🥺,好,🤣,笑,啊,😚
26,❌,絕無,體質,🚫,矽針,副作用
27,🔺,依,會員,謝絕,套件,藻礁
28,💪,加油,打氣,🙌,💃,💪🏻💪🏻💪🏻
29,💰,售價,🔻,現金,刷卡,📦
30,⭕,合格,🔜,針,版型,🚩
31,⚠,☎,❇,☑,✡,🗣
32,‼️,型號,專,價,🈹,豐胸針
33,➡️,🔮,過數,下單,💌,菁彩
34,😘,🥰,💖,除夕,🧡,💋
35,️▫,客製,黃大仙,花禮,花藝,預訂
36,☎️,巷號,三段號,敦化南路,一段號,新興區
37,🎉,🎉🎉,楔石,邀請到,金牌,安康
38,😊,曉得,穿搭照,💖,🤗,快點
39,✏️,新聞稿,附件,福利部,指揮,詳
40,🤩,🥳,勁,♀️,咗,😆
41,🔍,：,📲,上門,社團,嘉義市
42,🙏,✌,🙏🏻,🙌,🤘,💪
43,🌸,櫻花,盛開,櫻花季,夢幻,櫻
44,☺,❤,❣,☎,☀,♀
45,‼,♀,✏,⃣,✡,➡
46,😭,真的,好,了,我,🥲
47,🔗,官網,連結,粉絲團,優惠碼,點擊
48,🎁,好禮,限量組,滿額,光感,禮
49,🥳,不見,🤩,到時候,繼續,草莓
50,🔹,皇牌,🔸,規格,日本製,售價
51,😌,🥰🥰🥰,那麼,🥲,點,好
52,🤪,崩潰,🤭,居然,哈哈,🤣
53,👏,食譜,👍,🙌,家常菜,👇
54,👇,👉,💅,🙌,資訊,👍
55,▪️,卸甲,▪,號樓,帳,價
56,💯,售後,保證,幫到,阻隔,剪裁
57,📲,📱,查詢,📞,中銀,📮
58,🔸,🔹,激光,中長髮,🚩,🇯🇵
59,😉,📣,歡迎,試試,，,快點
60,🤍,自用,生日快樂,新店,😃,親子裝
61,🌈,接送,長途,🎨,鑽石,改造
62,💥,好評,跟進,直送,正價,現貨
63,📖,食譜,收藏,醬汁,👏🏻,料理
64,📦,到付,順豐,截,自負,月尾
65,🐶,總柴,衛福,最前線,過節,酒
66,👉🏻,⬇️,萊雅,📲,👉,📱
67,▫️,卸甲,手法,▪️,糖霜,凝膠
68,🏠,三段號,街號,🏡,號樓,地址
69,🤔,幹嘛,蘇大俠,差別,哪些,不
70,😏,吼,有趣,瘋,喂,🥂
71,🥲,了,笑,啊,我,😭
72,▪,🗣,☎,☁,➡,⃣
73,👀,眼神,小編,更新,嗎,痠
74,🌹,玫瑰,櫻花季,實品,拼接,降臨
75,📣,😉,《,新書,發財金,鼠年
76,📷,拍照,景點,照片,美景,步道
77,🤣🤣🤣,丟,太,阿嚕,😂,反正
78,➡,☎,☁,❇,☑,✏
79,🌿,中性,植物,產,🇫🇷,產地
80,🎂,生日快樂,寵愛,壽星,慶生,生日
81,❤️❤️,教會,💜,批發,歐,甄
82,♥,❤,☎,☺,✡,☀
83,😁,哦,簽到,野球,更多,罩
84,🤗,！,瀏覽,快快,🌟,俾
85,🚫,一概,退換,廠方,恕,❌
86,😚,🥺,沐浴乳,🥰🥰🥰,女神,濃濃
87,💡,詳細,分析,實物,藥物,中銀
88,📱,專線,📲,📞,☎️,星光雲
89,😱,嚇到,剛剛,哭,飽,😭
90,🛒,上架,熱賣,洋裝,米特,｜
91,➕,專線,搶先,光感,👉🏻,💜
92,🎈,💝,🔮,晶石,水晶,自訂
93,👆,蘋果,編,🍎,星光,🤔
94,☑,☎,❇,✡,✏,➡
95,🏆,榮獲,幹細胞,漫才村,榮譽,矽針
96,💗,熊熊,三麥,不鏽鋼,上衣,春裝
97,🖤,波鞋,楊丞琳,進貨,皮皮,微笑
98,✏,✡,❇,☑,☎,➡
99,🉐,亮澤,配方,親膚,透氣,無痛
100,🤤,沙拉,吃,美食,美味,古早味
101,⏰,：,營業,-,週六,晚間點
102,✈️,截單,下單,免運,代購,韓版
103,💛,異性,參考,能量,💊,餐具
104,💎,矯正,📩,☎️,接收,兼職
105,♀️,推介,多謝,佢,美白,護理
106,⚡,商店,米特,♥️,清,豐胸針
107,💖,喲,🌷,🎀,春裝,木馬捲
108,🧡,舒壓,美甲,中山區,😘,💛
109,🙌,👋,👍,💅,✌,🤘
110,🙃,句,嗯,😅,哈,最近
111,😄,💻,吹,玩,尾,幹
112,🏼,🏻,💃,一齊,🤓,多多
113,💁,聯絡,老實,中文,啲,查詢
114,💜,➕,💳,盒子,🎧,🌷
115,🍄,📲🍄,情報,⚠️❣️,😋,食尚
116,💙,毛毛,項鍊,💕,印刷,🎨
117,☀,☁,⛰,❤,🗣,☺
118,💋,多重,特價,追蹤,服飾,少量
119,☑️,毛躁,經絡,淡化,剪裁,針
120,🍎,蘋果,：🎧,播客,火線,新聞
121,👇🏻,維娜絲,來信,鎖定,動態,📲
122,🚨,貨期,上旬,📺-,維熙,慈雲山
123,⚠️❣️,📲🍄,食尚,社交,尚,🍄
124,💦,涼感,乾燥,游泳,空氣,均勻
125,🥰🥰🥰,🥰,💕,😌,妮妮,噢
126,⏲️,報報,📺-,玻璃心版,福利部,✏️
127,🤓,總柴,親朋好友,親子,防止,鎖定
128,🌞,星期一,神魔版,👋,星期六,總動員
129,😝,喜歡,媽,😂,拿鐵,好聽
130,❤️❤️❤️,大九,維娜絲,禮,資穎,新春
131,📸,外拍,實物,貼圖,😻,鋪
132,🎊,凡,萊雅,寵愛,光感,可可
133,🚚,送貨,自取,到付,荃灣,順豐
134,⛔,臺鐵,🚫,近日,🇺🇸,例案
135,♥️,平郵,·,⚡,查詢,🎀
136,❓,哪裡,😂😂😂,通報,海運,小畢
137,♦️,詢,凝膠,卸甲,定制,🚫
138,🎀,吋,」,「,💖,獨家
139,🎨,神魔版,特調,霧感,繽紛,皇牌
140,🎬,投稿王,收看,影城,光臨,邀約
141,📞,新興區,巷號,地址,店址,📱
142,🎵,數位,聆聽,單曲,新歌,醉
143,😳,不然,啊,喂,出門,半夜
144,💚,💅,隆鼻,親子,➕,首爾
145,👏🏻,菜編,食譜,家常菜,宴客菜,📖
146,💈,木馬捲,霧感,訂做,五股,駁髮
147,💌,訂貨,📦,訂造,飲品,🎯
148,💓,花花,短袖,花球,豆豆,碎花
149,🧐,噪咖,英文,小畢,立刻,美國人
150,💬,自訂,🇰,自選,睇,📱
151,💁🏻‍♀️,專營,金箔,八月,累積,回收
152,💅,🙌,美甲店,🤘,手足,美睫
153,🔜,維熙,小幫手,⭕,春裝,下單
154,☕,下午茶,拿鐵,咖啡,福岡,櫻花杯
155,✌,🙏,🤘,🙌,☑,👍
156,😍😍😍,厚,涼,裙子,唇,早起
157,🎄,環球影城,聖誕節,聖誕,文創,👊
158,🚗,巷弄號,配送,號樓,敦化南路,北區
159,🌱,源自,膚質,花球,神魔版,花園
160,💫,專屬,泡泡,💜,隱形,豐胸
161,🍏,紅藜,果膠,特賣,八德,折扣碼
162,🎧,收聽,》,：🎧,首播,《
163,🙋,🗣,☑,☎,❤,▶
164,🙂,好不容易,回去,亮,隻,頭
165,👋,再見,🙌,安康,🤘,☀
166,❣,☎,☺,☁,☑,✡
167,🎤,飆,開唱,饒舌,高音,楊大正
168,🔎,預約,巷弄號,追蹤,台南市,☎️
169,🤭,梗,🤪,居然,第四,嘿
170,✔,❇,✡,☑,🗣,☎
171,🥇,皇牌,🇰🇷,魔力,終極,首爾
172,😜,喂,慶生,👌,繆幻詩,照
173,👍🏻,】,岩,物料,整齊,牛油
174,💢,沙田區,特價,藥妝,負離子,激光
175,🤝,🌳,連署,旅遊,對象,從事
176,💔,離婚,李靚蕾,曝,見效,遲遲
177,🔝,黑眼圈,膚質,黑色素,萊雅,駁髮
178,❣️,沙田區,除外,🇯🇵,連身裙,會計
179,👌,💃,👂,數學,👍,😜
180,📺,公視,晚間點,投稿王,📺-,：
181,😢,五月天,上學,😭,😫,難過
182,❗⭐,新聞稿,✏️,附件,📺-,肺炎
183,🍰,蛋糕,餡,湯圓,嘟嘟,三民區
184,🉑,分期,商城,現金,滿額,收購
185,♀,✡,☀,‼,㊗,☎
186,😃,維娜絲,確幸,🍓,嘿,哈囉
187,📝,三段號,韓風,西九龍,洗剪,報價
188,▶,❇,⛰,☁,⬇,☀
189,🏦🏦,黃大仙,豪苑,總店,好景,樂富
190,🤟,🍏,糖霜,取戴,番茄,比分
191,💳,滙豐,中銀,恆生,恒生,支付寶
192,📮,自負,📲,📦,巷弄號,中銀
193,✡,✏,☑,❇,♀,✔
194,🔥🔥,🔥,鞋款,皇牌,春裝,限時
195,💻,更新,網站,點擊,參考,查看
196,✨✨,預訂,小物,⏩,客製,深層
197,🤎,印刷,私人,首爾,大安區,純銀
198,👊,💃,金曲,🙌,演出,🎄
199,🔔,鈴鐺,🈹,晚間點,止,準時
200,🌊,陣容,大海,彩印,墾丁,森林
201,🌳,餐具,家居,滋味,萃取,痕跡
202,🌍,正品,預購價,商城,全家,匯款
203,🍍,鳳梨,餅,家常菜,😋,🛒
204,📲🍄,⚠️❣️,食尚,🍄,尚,情報
205,👑,回贈,鬼才,戶,淨化,吋
206,🚩,大安區,☎️,保固,巷號,蘆洲
207,🍓,草莓,拿鐵,沙拉,乳酪,甜點
208,◾,乾花,凝膠,卸甲,價,貓眼
209,😂😂,😂,咧,半夜,哈哈,反正
210,🈺,營業,🚩,星期日,公休,為主
211,🌟🌟,恒生,頸鏈,韓風,切勿,網店
212,💞,斜槓,祝,🥰,足,沐浴乳
213,🈵,智能櫃,順豐,運費,平郵,包郵
214,😇,嘿,偷偷,紅豆,小畢,惹
215,🙄,生氣,啊,跟,對了,罵
216,🏡,台南市,中山路,🏠,嘉義市,台中市
217,❇️,氦氣,🎯,💊,充足,衣長
218,🔴,實拍,贈送,累計,牛島,若利
219,🎉🎉🎉,預訂,專櫃,見諒,正價,體諒
220,❤️🏆,棉花糖,下載版,水蜜桃,大地,女神
221,💃,🙌,🤘,💪,✌,👌
222,🍭,贈送,訂金,卡卡,貓眼,鏡面
223,😡,罵,一下,的話,🤣🤣,大餐
224,🌼,🍄,長衣,🇼,🇹🇼,💝
225,🌺,保鮮花,透氣,涼感,乾花,唐老鴨
226,：🎧,播客,下載版,🎧,微整型,高清版版
227,🔶,錶殼,直徑,配件,上旬,低銷
228,🛍️,門市,負離子,自助,褸,地下號
229,🍪,收涎,食譜,烘焙,糖霜,餅乾
230,☺️,環保袋,尖沙咀,首飾,花禮,西九龍
231,📺-,⏲️,敦睦,高清版版,將軍澳,慈雲山
232,👶,柴犬,🤘,夢幻,再見,💃
233,❄,☁,⛰,♀,❤,❇
234,💝,🎈,購物金,自取,🌼,訂造
235,⬇,☎,▶,❇,☁,➡
236,🙏🏻🙏🏻,以便,多謝,相挺,🙏,親子
237,🌻,大安區,不失,夢,花店,💈
238,😀,妳,男朋友,治癒,育兒,永生花
239,⬇️,👉🏻,獎金,培訓,樂天,二段號
240,❎,自負,胜肽,退款,退換,退錢
241,🈶,原裝,廠,用品,👍🏻,菌
242,🚇,出口,站號,號樓,一段號,中山站
243,📨,郵寄,銅鑼灣,星巴克杯,平郵,充氣
244,▶️▶️,老皮,火編,文化部,楔石,▶️
245,🙈,過量,❓,貴,胖,大好
246,😤,女人,打破,到底,前提,控制
247,🧸,唐老鴨,鎖匙扣,頸鏈,三眼仔,米妮
248,🍀,‍,首播,桃花,華視,降
249,☀️,排隊,園區,邀,中西區,六日
250,😙,🍰,鸚鵡,字母,淘寶,萬聖節
251,🐰,精靈,三眼仔,雛菊,小童,穿搭
252,💧,暗啞,暗瘡,面部,水份,海藻
253,🦋,手機殼,花卉,西裝,專門店,霧感
254,😍😍,勁,推介,靚,脫毛,矽針
255,🌾,連身裙,春裝,碎花,服飾店,上衣
256,🐯,百搭,棉花糖,超美,虎年,老街
257,😷,洗手,口罩,天佑,配戴,戴好
258,❕,沙田區,上門,免運,折,美肌
259,🎉🎉,🎉,榮譽,臺中市,收購,呈獻
260,💵,小童,棉質,中銀,恆生,轉賬
261,☺️☺️,親子裝,屯門,批發價,吊帶,自訂
262,🔮,》,成群,皇牌,玻璃心版,提取物
263,⛰,☁,☀,▶,☎,▪
264,🐈‍⬛,媽媽,跌倒,爸爸,阿嚕,她
265,✂️,▪,截,單日,☑,美甲店
266,🍒,霧面,好友,美甲師,仙女,深邃
267,😑,做人,笨蛋,😂,部隊,滑
268,🤨,害羞,騙,怪,🥺,留
269,🤣🤣,🤣,寶寶,天竺鼠,🐈‍⬛,角
270,‼️‼️,矽針,唔,補貨,喺,❌
271,😂😂😂,😂,噗噗,噪咖,京燁,胖
272,🏀,賽,柴犬,女單,牛島,陳芳語
273,👈,晚間點,👉,共乘,集合,鎖定
274,💊,質素,抗體,果凍,代餐,❇️
275,💅🏻,保固,單色,美甲店,卸甲,洽
276,🏦,中銀,恒生,銀行,恆生,滙豐
277,💤,好眠,斜槓,羨慕,阿公,埃及
278,⛺,礁溪,帳篷,溫泉,戶外,住宿
279,🙏🏻,🙏,以免,等候,信,切勿
280,📆,截單,到貨,約,✈️,上旬
281,㊗,♀,✡,☎,❤,▪
282,🦃,上來,怎麼,家事,好吃,～
283,⏩,自助,多功能,【,亮澤,毛孔
284,🌵,仙人掌,植物,員林,有機,雛菊
285,🔻,粒,代餐,月尾,皇牌,盒
286,🔆,奴才,直徑,長褲,分店,異味
287,👍👍,排骨,九龍灣,【,搞定,好喝
288,🈲,足部,須,刮痧,孕婦,西九龍
289,👂,‼️‼️,👌,囤積,促進,👏
290,🥴,舉手,夏天,😂,狂,棉被
291,👗,圍肩,風衣,衣長,拼接,雪紡
292,🌷,單色,💖,點擊,🔜,買起來
293,🗣,❇,☎,▪,☀,✔
294,☎,☑,❣,➡,✡,❇
295,®️,光感,慈雲山,招收,多功能,皇牌
296,✖️,無痛,輕薄,矽針,膚色,高腰
297,❇,✔,☑,✡,✏,☎
298,🎯,訂金,滙豐,潔淨,匯款,高濃度
299,🤏,賣完,🤘,法式,白癡,🚗
300,😻,戰士,♂️,📸,開張,心機
301,💀,離,要麼,有的,美國人,反正
302,💪🏻💪🏻💪🏻,💪,小組賽,指示,拚,選手
303,🏷️,雪紡,長版,棉質,韓國製,綁帶
304,👭,閨蜜,中野,親子裝,相,花嫁
305,💭,淡斑,下載版,微整型,招收,毛躁
306,☁,☀,⛰,➡,✡,❣
307,👻,紅包,放閃,發財金,嚇到,要不要
308,🍂,藍天,師大,🇯🇵,雨,街頭
309,🥳🥳🥳,手作,甜品,頓,史努比,洽
310,🈹,澳洲,限時,護膚,日本製,保鮮花
311,🤘,✌,🙌,💅,💃,👋
312,🍵,點心,香草,抹茶,吃起來,鹹
313,✨✨✨,吐,上旬,中二,拼,新貨
314,♂️,單色,😻,二,折抵,特賣
315,🚛,自取,恆生,青衣,交收,送貨
316,🌲,山,溪,街道,市面,雲雀
317,📩,手鍊,韓風,西九龍,駁髮,銀樓
318,🧢,鬆緊,胸圍,圍肩,衣長,版型
319,🥰🥰,軟,輕盈,義大利麵,麻糬,海鮮
320,💁🏻‍,儲存,花花,♀️,漂髮,報價
321,🙋🏻‍♀️,護理,無痛,浮腫,亮相,收視
322,🤣🤣🤣🤣,廁所,噪咖,餒,初上,月餅
323,🥂,😏,閃光,月餅,上菜,趕快
324,👣,腳步,景點,野餐,西區,小琉球
325,😫,豬頭皮,😢,無聊,眠,武漢
326,⚠️⚠️,🇫🇷,事項,正貨,離子,荔枝角
327,😓,吵架,很,😂,做人,小孩
328,🍊,猴子,麥芽,首選,正品,殺菌
329,💪💪💪,女單,對上,資穎,小組賽,東奧
330,🍃,養生,好物,水彩,純,草本
